"StreetId","departure_days_cat","avg_duration","std_duration","avg_lon","avg_lat"
"16","1",109.83389261745,140.911275233799,144.979496386326,-37.8099885847863
"16","2",51.0376633358955,106.731096883338,144.978678316613,-37.8099065708114
"16","3",72.5360294117647,130.550372389724,144.979167088865,-37.8099473443212
"16","4",101.997058823529,173.633464435039,144.979457410873,-37.8099766052367
"16","5",51.4072289156626,105.268337129952,144.978952474719,-37.8099256259542
"16","6",53.5610610610611,110.291202047802,144.978609943924,-37.8098977787437
"16","7",53.6121152906693,120.514176245857,144.978644501834,-37.8099024499047
"823","1",187.5,172.282989791298,144.982063453614,-37.8171104065514
"823","2",150,222.038535194031,144.982063453614,-37.8171104065514
"823","3",115.2,143.26781448276,144.982063453614,-37.8171104065514
"823","4",201.428571428571,235.335673285796,144.982063453614,-37.8171104065514
"823","5",188,223.565586413856,144.982063453614,-37.8171104065514
"823","6",110.769230769231,154.508849634526,144.982063453614,-37.8171104065514
"823","7",110.769230769231,161.384338197313,144.982063453614,-37.8171104065514
"1414","1",134.89880952381,163.748260122619,144.981325823399,-37.8166854839013
"1414","2",144.037974683544,183.853856600711,144.981279853594,-37.8166914754781
"1414","3",122.610644257703,169.974427021943,144.981354459627,-37.8166992774785
"1414","4",168.169421487603,200.676615372445,144.981290989098,-37.8166835914045
"1414","5",122.194202898551,164.214391103112,144.981319917547,-37.8167020995918
"1414","6",117.237333333333,155.482549507737,144.981259721092,-37.816692548975
"1414","7",96.979683972912,162.183969176422,144.981365023205,-37.8166905652563
"894","1",40.5308793456033,71.2533038311626,144.965369850139,-37.8113746586108
"894","2",31.9540601747007,64.0761899785171,144.96504085994,-37.8114667573483
"894","3",37.5942125027612,79.5161158123999,144.965267462726,-37.8113960356431
"894","4",39.7709613966068,76.5977630223126,144.965489796488,-37.8113436252238
"894","5",31.552733534223,65.2085905111567,144.965170065683,-37.8114327967769
"894","6",30.8337182448037,64.9805218289188,144.964850384641,-37.8115258067708
"894","7",38.740693046125,84.2343983436279,144.966419558269,-37.8110707073227
"641","1",25.8714036617262,60.2557677807012,144.949436882123,-37.8040762160345
"641","2",20.6912343470483,48.2785794806021,144.949440112509,-37.8040975125221
"641","3",23.5757159221077,53.7199177770106,144.949439972422,-37.8041236054896
"641","4",23.9464824120603,62.6070003415771,144.949432498704,-37.8041164874095
"641","5",18.8371212121212,47.5777483879608,144.949433005721,-37.804113423685
"641","6",20.3328976848394,51.8103765232996,144.94943889963,-37.8040986341727
"641","7",25.557484220018,66.8290425924782,144.949439780856,-37.8040844123672
"869","1",81.6363636363636,115.782466711595,144.977966902704,-37.8123775493662
"869","2",83.0260223048327,135.455130482786,144.978018712956,-37.8119185064295
"869","3",97.2006802721088,142.329712032296,144.978019866579,-37.8119939402809
"869","4",77.8757396449704,127.003904609457,144.977984813705,-37.8122216881182
"869","5",79.1084099868594,129.164083100337,144.978016811751,-37.8119508638624
"869","6",85.9950177935943,139.644677718293,144.977996460093,-37.8121282213619
"869","7",84.7730796335448,133.819481726135,144.977982233086,-37.812224713188
"528","1",32.8767932489451,70.0218744801274,144.954895326892,-37.8185680663068
"528","2",18.8907948779899,51.4989961266282,144.956043301218,-37.818316806698
"528","3",27.3142262580401,70.7299193351387,144.954516322046,-37.8186515819474
"528","4",31.2249699879952,72.5111873231489,144.953883727933,-37.8188274805742
"528","5",19.4340826686004,51.7842786557267,144.955347892841,-37.8184806039806
"528","6",22.7672868217054,56.855879665095,144.955784394998,-37.8183362893019
"528","7",26.1545778834721,67.2107226001723,144.954634906717,-37.8186261492769
"655","1",51.975,89.2355386399183,144.96506082902,-37.798411077805
"655","2",55.8311827956989,94.1325274213365,144.96499683174,-37.7984089892782
"655","3",70.1707317073171,112.307954296901,144.965044280009,-37.7984187823944
"655","4",59.8829858776059,96.0407104388729,144.965046903789,-37.7984183926598
"655","5",56.0283775447255,96.4714142226551,144.965049087437,-37.79841295836
"655","6",58.8458149779736,102.863189644289,144.965015963582,-37.7984111927878
"655","7",58.622125543816,99.8095021733212,144.965034306629,-37.798410674951
"1218","1",104.849498327759,121.602667803225,144.958219968201,-37.7960802716759
"1218","2",83.2836257309941,115.892020330385,144.95823227901,-37.7959798923672
"1218","3",129.623853211009,160.963980492293,144.958195257295,-37.7962807712051
"1218","4",119.317351598174,157.878620411065,144.958199323728,-37.7962481204474
"1218","5",89.6489726027397,120.338751704897,144.958188701755,-37.7963367550251
"1218","6",89.3788343558282,121.968036330002,144.958201361943,-37.7962314852622
"1218","7",128.153846153846,177.653317464799,144.958221277067,-37.7960691663176
"839","1",58.4369114877589,100.354509694898,144.952979404715,-37.8110059592431
"839","2",65.8739669421488,112.299301650119,144.953228257294,-37.8114595506834
"839","3",60.975074775673,107.934862337679,144.953145160604,-37.8112996881748
"839","4",68.6065057712487,129.896368841869,144.953250043474,-37.8114288603524
"839","5",28.3556126820908,75.2309398915277,144.953253573631,-37.811363220011
"839","6",49.5326331582896,94.6074465451055,144.953352709918,-37.8115886510641
"839","7",54.3581436077058,116.920606182573,144.953258469413,-37.8114142298881
"1102","1",96.4342723004695,123.619707734215,144.967295557216,-37.8028880066166
"1102","2",78.9562841530055,109.550033155036,144.967247223693,-37.8028844760042
"1102","3",79.6028659160696,108.981884454799,144.967257328184,-37.8028845139559
"1102","4",86.5022935779816,131.951179067072,144.967237679444,-37.8028815401483
"1102","5",68.3945278022948,98.6089854906669,144.967244150118,-37.802882172544
"1102","6",66.3614663256607,96.8580500454088,144.967267828842,-37.8028835672289
"1102","7",81.1257367387033,121.801375725042,144.967259715971,-37.8028877392874
"669","1",20.6718446601942,40.3581134169456,144.961725713323,-37.8180427801133
"669","2",19.3175182481752,37.5377628710295,144.962358327955,-37.8178563693484
"669","3",19.4099616858238,46.7054840471141,144.962368856377,-37.8178587855569
"669","4",19.5794205794206,37.5759489043715,144.962479656719,-37.8178247720016
"669","5",15.392523364486,32.6864439412086,144.962185769788,-37.8179096318391
"669","6",18.8745247148289,39.5286144204948,144.962254936817,-37.8178889537956
"669","7",20.6713286713287,48.9476906268309,144.961526779895,-37.8181135288198
"123","1",49.0908045977012,87.8345249214961,144.95418115837,-37.8168316482776
"123","2",37.6349277978339,73.5436531554765,144.953336434317,-37.8170793859261
"123","3",41.9827729924979,87.0161200618515,144.952714596023,-37.8172470195845
"123","4",45.4101140918902,81.0683874949768,144.953088067479,-37.8171419327823
"123","5",32.9448871181939,67.6692611743298,144.952954701106,-37.8171821449056
"123","6",34.9333911911478,68.2785993813897,144.952693419874,-37.8172601022143
"123","7",40.7775440441756,75.4336608653386,144.953314803108,-37.8170731062002
"856","1",29.7056755399297,60.057817728291,144.960946992908,-37.8104255353114
"856","2",25.8036428254109,58.5032998504408,144.960244468461,-37.8106168366921
"856","3",31.5793192035967,72.2574521129262,144.959932374172,-37.810712098079
"856","4",26.3461012311902,60.2170703501975,144.96093315952,-37.8104255527562
"856","5",23.8947601149679,53.9353018522605,144.9597942466,-37.810758430805
"856","6",23.9760176017602,55.406489206562,144.959888018548,-37.8107324405169
"856","7",25.7259155586657,57.0670434257168,144.960374475175,-37.8105940252407
"627","1",23.644578313253,50.5664647938173,144.961654311257,-37.8108086047539
"627","2",24.4536082474227,50.9050294894777,144.962253374293,-37.8121383594953
"627","3",30.2021371326803,62.6223532165584,144.961742154286,-37.8110169897325
"627","4",29.7085247575294,61.2498382046874,144.961963257154,-37.8114686644245
"627","5",24.5167410714286,54.8508321483435,144.961589341338,-37.8106249852141
"627","6",24.4500511421752,51.9817890128939,144.96183406416,-37.8112075019045
"627","7",26.2707993474715,58.1216881737109,144.9619141045,-37.8113418025796
"1062","1",74.0678391959799,112.771803518363,144.957720157076,-37.8044574460608
"1062","2",139.733021077283,166.0445918698,144.957562431422,-37.8041620584348
"1062","3",149.248397435897,192.797028553182,144.95753209476,-37.8041090269468
"1062","4",78.5710306406685,123.1923867023,144.957719737449,-37.8044603661098
"1062","5",96.089407191448,140.170969030286,144.957635821405,-37.8043012122031
"1062","6",110.380374862183,148.829716505445,144.957655761733,-37.804339831131
"1062","7",96.101163831692,161.031190817826,144.9576829074,-37.804393892578
"798","1",211.6375,178.212404970211,144.953676349572,-37.8058172382147
"798","2",159.338582677165,170.635230611905,144.953771201752,-37.8052322580197
"798","3",185.003879728419,222.008033582626,144.953756468779,-37.8053202297178
"798","4",154.449893390192,203.715980706177,144.953764973474,-37.8052727538812
"798","5",136.173879443586,166.484379534139,144.953797750249,-37.8050729514269
"798","6",155.639215686274,187.802148051004,144.953788006734,-37.8051294907282
"798","7",165.454991816694,225.217225242442,144.953774680241,-37.8052084703385
"5","1",35.6579476861167,63.9920901599376,144.958244687522,-37.8099856627797
"5","2",36.4179775280899,60.2532989672842,144.958286847342,-37.8099723549857
"5","3",54.2894736842105,128.944473768291,144.958164606894,-37.8100133552796
"5","4",41.5453257790368,74.8997727422725,144.958014175828,-37.810067428938
"5","5",33.6799140708915,66.7356090917946,144.95803802592,-37.8100580532457
"5","6",35.375,67.7237418755915,144.958006510096,-37.8100699048211
"5","7",36.4086161879896,69.6017720375157,144.958097833492,-37.8100379992117
"614","1",66.9950980392157,99.4726272729645,144.953662673834,-37.8088784571376
"614","2",106.804347826087,83.1909769587002,144.953708770968,-37.8088788717532
"614","3",78.3747126436782,118.205884609487,144.95367128744,-37.8088716773374
"614","4",56.9001663893511,84.8937964948299,144.953673540116,-37.8088751054051
"614","5",49.1417489421721,84.0521333518904,144.953705126616,-37.8088824180649
"614","6",71.0820399113082,115.255427038213,144.953656834952,-37.808886746637
"614","7",66.2858555885262,115.434437213455,144.953631921051,-37.8088923992455
"617","1",190.008403361345,171.419661506568,144.950914369773,-37.8061526950346
"617","2",151.434504792332,147.809485263323,144.95094793849,-37.8062264863809
"617","3",192.576344086021,254.537399612043,144.950930134585,-37.8061873549837
"617","4",208.126436781609,242.713053336542,144.950928591245,-37.8061839400028
"617","5",133.274074074074,150.644413156552,144.950932406081,-37.8061923724044
"617","6",138.714776632302,154.9943680778,144.950943693158,-37.8062171157481
"617","7",217.094707520891,300.819480287622,144.950939509103,-37.8062079193396
"1381","1",43.1466275659824,77.2212126422649,144.953310026141,-37.8055334486526
"1381","2",65.0832432432432,103.742451820922,144.95279152988,-37.8054872243316
"1381","3",55.5018567639257,97.4843970407674,144.95312843292,-37.8055268132109
"1381","4",51.3460898502496,93.9663730674098,144.953325736784,-37.8055396114131
"1381","5",46.3727311101731,81.659658214704,144.953160698138,-37.8055261512196
"1381","6",48.3313096270598,83.1082791593901,144.952889666904,-37.8054992923926
"1381","7",52.1289398280802,91.3690666907779,144.953148092924,-37.8055237502835
"1391","1",166.28813559322,161.953148321344,144.953033053347,-37.8083505582415
"1391","2",140.294871794872,159.014960462691,144.952995488965,-37.8083532057436
"1391","3",152.783269961977,196.421017733814,144.953134733018,-37.8083169425536
"1391","4",129.819494584838,194.538332859921,144.952923281243,-37.8083801217227
"1391","5",101.019337016575,134.424296880449,144.953058426239,-37.8083392722109
"1391","6",107.094387755102,147.085683291379,144.953034791934,-37.8083549643557
"1391","7",131.126666666667,206.590276708085,144.952959999659,-37.8083730224734
"1171","1",38.6791087962963,63.4967030415795,144.959823055086,-37.8131152921108
"1171","2",37.8513788098694,73.0060135980065,144.959792000739,-37.8130553142606
"1171","3",47.0327412796918,83.1799578733979,144.959771285584,-37.81301311996
"1171","4",41.5451223967848,71.9076713712839,144.959844329334,-37.8131608345975
"1171","5",38.3496271748136,70.2570406044928,144.959834816323,-37.8131452252799
"1171","6",37.6521048451152,68.66251646799,144.959843764359,-37.8131659282331
"1171","7",36.5818101415094,65.4072248003015,144.959832318723,-37.8131402114952
"728","1",88.7843137254902,121.45357753599,144.969108418963,-37.8254431359562
"728","2",118.640860215054,124.936332751747,144.968872710337,-37.8255146711082
"728","3",124.437176165803,140.742991652672,144.968963902765,-37.8254914017595
"728","4",106.08160703076,128.021284817252,144.968875542101,-37.825515904913
"728","5",119.130546623794,138.269169576925,144.968903121817,-37.825504747673
"728","6",108.360145303581,127.095257975155,144.968899515439,-37.8255076576272
"728","7",102.695789473684,125.862760683052,144.968927234426,-37.8254989281772
"647","1",34.0618296529968,57.8707084970738,144.970000214107,-37.8108444000323
"647","2",37.0026507620941,69.3708080646063,144.969969464739,-37.810770805306
"647","3",39.0764940239044,70.4724287766168,144.969917639564,-37.8106714128546
"647","4",38.0343195266272,65.9600522900507,144.970030476571,-37.8108906844755
"647","5",35.2805884463581,65.9127547192947,144.969932725959,-37.8106973862235
"647","6",33.7107384714608,71.8804866795794,144.969952086364,-37.8107324138296
"647","7",36.1479930191972,65.4995715447197,144.970024175613,-37.8108751043497
"163","1",103.595259799453,127.634644431917,144.955169024539,-37.8057509495292
"163","2",154.940217391304,167.297988121018,144.95522092253,-37.805465965494
"163","3",143.505891594658,164.464946767577,144.955192567626,-37.8056219568636
"163","4",95.2144743792921,136.538746298253,144.955136126576,-37.8059438773023
"163","5",121.35875,147.220319376983,144.955192292963,-37.8056279129949
"163","6",127.521686010996,146.909113330493,144.955191191797,-37.8056330980388
"163","7",116.11388101983,157.75991423204,144.955159918305,-37.8058073970425
"192","1",173.611111111111,158.981830457002,144.952291500215,-37.8050290729344
"192","2",177.31810766721,163.448663609186,144.952323661991,-37.8048417041543
"192","3",214.272428884026,249.214479310347,144.952300699086,-37.8049668200356
"192","4",182.414351851852,230.08689894996,144.952307397727,-37.804931098133
"192","5",151.234345351044,163.530844927886,144.952302510811,-37.8049625021919
"192","6",158.837742504409,162.480974905361,144.952308936164,-37.8049254014193
"192","7",178.078369905956,230.635644116622,144.952298289369,-37.804977833233
"1214","1",146.447368421053,158.323584045037,144.952924373593,-37.8075566785029
"1214","2",176.107142857143,163.210745488437,144.952791019017,-37.8076216108005
"1214","3",168.356840620592,181.767703927662,144.952802630356,-37.8076159239574
"1214","4",163.82683982684,199.417117457931,144.952741148021,-37.8076458216159
"1214","5",126.358836206897,142.87667718729,144.952792198085,-37.8076210279103
"1214","6",144.700770077008,160.160679951385,144.952793370077,-37.8076204328131
"1214","7",156.180963572268,182.869018157516,144.952851784736,-37.8075920344554
"881","1",93.6151142355009,118.865386565099,144.950920400269,-37.8042312653093
"881","2",100.296812749004,122.249987447602,144.950918947075,-37.8042394371216
"881","3",134.094476744186,179.500377520095,144.950921774101,-37.8042234155831
"881","4",88.0477200424178,133.637565010559,144.950925191545,-37.804204186765
"881","5",96.8886597938144,127.734648100441,144.950920328878,-37.804231631375
"881","6",99.563184079602,125.550244056633,144.950934119607,-37.8041533124587
"881","7",107.997785160576,162.993626837885,144.950921563302,-37.8042245029248
"1221","1",25.9356236459301,46.693568645521,144.967780814963,-37.8121276724664
"1221","2",27.1816798539257,53.9988458558865,144.967939444578,-37.8124744638507
"1221","3",30.9200757575758,63.7132390278794,144.967864275669,-37.8123155612997
"1221","4",29.0371282439856,56.7101395233373,144.967895098179,-37.8123864744917
"1221","5",27.3295097423004,52.003010131312,144.967878554074,-37.8123463712808
"1221","6",25.3222299651568,48.8989516454785,144.967843547747,-37.8122668962167
"1221","7",26.7547391623806,56.0582647832487,144.967874387006,-37.8123418653293
"1175","1",90.2163164400494,126.296597834357,144.953518498661,-37.8034990110204
"1175","2",78.7190569744597,129.861016585457,144.953659220172,-37.8035290339369
"1175","3",90.4219948849105,150.540454138727,144.953483804255,-37.8034975218781
"1175","4",87.1558630735615,141.827633872289,144.953387115121,-37.8034780003738
"1175","5",72.5554981930821,119.818415220717,144.952846196357,-37.8034304561727
"1175","6",69.5602771362587,118.364414629441,144.952954359165,-37.8034470378713
"1175","7",90,152.452764828726,144.953405373193,-37.8034990671236
"1288","1",61.448128342246,95.1994369676401,144.971929959939,-37.8090946354707
"1288","2",49.5948670944088,86.1506730620368,144.971909194784,-37.809076499016
"1288","3",60.3730208993034,96.1580055671809,144.971894521121,-37.8090228212434
"1288","4",66.1946414499606,99.3635619711974,144.971831204593,-37.8088801508773
"1288","5",53.1080446271286,94.4536709586908,144.971874877309,-37.8089756297521
"1288","6",47.5029907558456,82.030978693901,144.971864732207,-37.8089669051737
"1288","7",59.5717092337918,96.3248786126261,144.971850254947,-37.8089241066703
"681","1",53.5103865369445,88.7684016230147,144.958036220206,-37.8088143797775
"681","2",62.6603835978836,105.970258739573,144.958174841668,-37.8087764706731
"681","3",70.4531564133494,124.841881563067,144.958170592601,-37.8087805407652
"681","4",59.029133029133,98.1627300273578,144.957747325646,-37.808879323179
"681","5",54.3828423141505,99.5300559395998,144.958250520785,-37.8087513375471
"681","6",63.1764500958021,117.986082755768,144.958377031605,-37.8087243902037
"681","7",60.7558715449752,110.90489173099,144.9580317139,-37.8088099854543
"1428","1",119.092478421702,133.483961509962,144.954395769673,-37.8073519358656
"1428","2",163.194078947368,156.027555853577,144.954371627856,-37.8073160514644
"1428","3",124.285894206549,133.132243757431,144.954359338788,-37.8072730580363
"1428","4",103.902612826603,127.046603629375,144.954385625656,-37.8073188494043
"1428","5",117.246504782929,136.231605670553,144.954395470725,-37.8073638331724
"1428","6",126.204692556634,144.588818682786,144.954386506087,-37.807338379983
"1428","7",106.854881266491,129.648837907931,144.954380760741,-37.80731421275
"998","1",36.5532846715328,82.2946434514625,144.944011584636,-37.8203963138994
"998","2",34.0567081604426,77.5275187937304,144.944047034173,-37.8204742432255
"998","3",42.8384697130712,101.583208987972,144.944018511362,-37.8203971003042
"998","4",36.2842304060434,77.6605200651769,144.944022360704,-37.8204174643851
"998","5",37.1882239382239,77.5174862388131,144.94400124427,-37.8203579476133
"998","6",40.7826887661142,86.3869587921333,144.944009588035,-37.8203736272084
"998","7",33.0112866817156,72.0115391455095,144.94402521991,-37.8204191828022
"1241","1",43.8461538461538,66.0776604575136,144.942982194751,-37.8204414533797
"1241","2",16.0484848484848,38.5171495001531,144.942968946412,-37.8204126443195
"1241","3",47.6190476190476,102.379420722847,144.942994686041,-37.8204686162079
"1241","4",43.3,87.1002127369591,144.942968350237,-37.8204113479118
"1241","5",22.5885167464115,46.4918630411751,144.942978262086,-37.8204329016376
"1241","6",31.3489583333333,68.0757054631233,144.942983469903,-37.8204442262518
"1241","7",38.3065693430657,69.3143481076265,144.942982705343,-37.8204425636851
"131","1",95.7857142857143,126.190730757455,144.950573464152,-37.8213603863438
"131","2",82.9722222222222,126.47224113527,144.950593279631,-37.8213505259119
"131","3",109.769230769231,131.66499607547,144.950589509117,-37.8213524045047
"131","4",87.7096774193548,123.190694120648,144.950594343123,-37.8213500176838
"131","5",37.7264150943396,63.5290009544,144.950614768555,-37.8213396646324
"131","6",73.2469135802469,77.7495226455117,144.950603256292,-37.8213454585988
"131","7",85.6024096385542,110.535496975785,144.950603438897,-37.8213454142933
"753","1",109.287390029326,134.948964599227,144.947230422934,-37.8203099856865
"753","2",85.4549450549451,124.582764684083,144.947223018811,-37.8203013754781
"753","3",87.5573122529644,126.24888127155,144.947228901062,-37.8203493513556
"753","4",84.9540389972145,117.677830553369,144.947263612748,-37.8204328494291
"753","5",70.8481308411215,110.647420948633,144.947233755546,-37.8203221524761
"753","6",80.3786848072562,120.988698073851,144.947245561447,-37.820403705042
"753","7",86.1142857142857,129.970286040121,144.947254423309,-37.8204137617206
"1043","1",100.626923076923,131.675522735979,144.946171006086,-37.8206905628871
"1043","2",62.3301886792453,109.290207001984,144.946231640543,-37.8208622981
"1043","3",72.6045112781955,115.454242921312,144.946166933264,-37.8206732932042
"1043","4",85.8782771535581,122.892019962179,144.946152146043,-37.8206490429292
"1043","5",58.360153256705,99.7625725962652,144.94619965455,-37.820779083379
"1043","6",63.5136476426799,102.918187069437,144.946181203405,-37.8207223265957
"1043","7",75.5148809523809,111.117785355633,144.946181724123,-37.820727244941
"79","1",62.9559748427673,104.353170494084,144.948512284143,-37.81922012794
"79","2",34.6382513661202,70.0385737826511,144.948527745724,-37.8191680245967
"79","3",50.2323529411765,99.4504326280422,144.94852590571,-37.819165139171
"79","4",48.3888372093023,84.6563623660758,144.948522137202,-37.819234621561
"79","5",37.4520648967552,75.2803365152133,144.948530783911,-37.8191549312563
"79","6",45.7587327376117,79.5760787667291,144.948520947762,-37.8191952651656
"79","7",51.1936389148737,86.5594063110528,144.948516669572,-37.8191906680929
"558","1",50.90625,74.0424287148929,144.942656770965,-37.8196730472638
"558","2",30.4130434782609,67.4766053572007,144.942656770965,-37.8196730472638
"558","3",29.719512195122,57.0168427336578,144.942656770965,-37.8196730472638
"558","4",40.7758620689655,78.546453593086,144.942656770965,-37.8196730472638
"558","5",35.2375,71.3261795724758,144.942656770965,-37.8196730472638
"558","6",30.9684210526316,58.8881833740643,144.942656770965,-37.8196730472638
"558","7",46.9344262295082,67.1818102496152,144.942656770965,-37.8196730472638
"1383","1",97.1981566820276,120.459469118414,144.950261852435,-37.8202913097701
"1383","2",57.4852071005917,97.956697664407,144.95022572087,-37.820245447906
"1383","3",70.6776061776062,106.261812725809,144.950265939545,-37.8202965333524
"1383","4",63.6628131021195,94.0648342119116,144.95027997594,-37.8203141584816
"1383","5",48.3689167974882,82.1421752624296,144.950275345409,-37.820308316124
"1383","6",55.8867313915858,87.5564191452873,144.950210319901,-37.8202258516703
"1383","7",64.192439862543,104.652037541936,144.95029028013,-37.8203274438725
"1400","1",47.8470588235294,81.5744401738568,144.947776253599,-37.8196093326161
"1400","2",53.3874345549738,95.5984693823958,144.947780315647,-37.8196128959576
"1400","3",57.5945512820513,93.299638297152,144.947784511434,-37.8196170009609
"1400","4",46.1705202312139,78.2019527277809,144.947779888605,-37.8196126484092
"1400","5",45.0541310541311,77.6401033833727,144.947780346126,-37.819613118075
"1400","6",47.2875481386393,95.8353316009038,144.947770775056,-37.81960404749
"1400","7",47.2408575031526,81.4430379441164,144.947764280388,-37.8195979366345
"49","1",61.9615384615385,99.5401367254447,144.950064124691,-37.8190200631336
"49","2",56.1781609195402,102.464190192197,144.950003816062,-37.8189435814222
"49","3",59.2232558139535,105.474036396812,144.950083437012,-37.8190445828529
"49","4",66.207100591716,114.696591250654,144.950037753633,-37.8189865115219
"49","5",57.8212765957447,99.0710807074969,144.950018352215,-37.8189619596859
"49","6",61.4598540145985,102.34467474339,144.950014025872,-37.8189565246222
"49","7",56.4843205574913,106.061561478349,144.950003971497,-37.8189437185034
"810","1",193.325581395349,178.838677095446,144.944495609888,-37.8202927240338
"810","2",128.575,149.493895138043,144.944459514917,-37.8202437567515
"810","3",122.714285714286,145.89886542102,144.944474367907,-37.8202847076936
"810","4",118.656934306569,141.190080364994,144.94446649519,-37.8202673307392
"810","5",89.7791411042945,119.630502352389,144.944480849665,-37.820277999696
"810","6",95.6891891891892,117.619405321493,144.944466432565,-37.8202841289697
"810","7",113.621428571429,137.964726378025,144.944489246162,-37.8202885068585
"697","1",136.519230769231,148.397558528377,144.945404283335,-37.8201693970311
"697","2",88.0502958579882,118.268268015968,144.945416156652,-37.8202239055158
"697","3",99.9457013574661,145.653027092497,144.94540889883,-37.8201853274612
"697","4",99.9006622516556,146.121483354743,144.94541000924,-37.8201956668353
"697","5",79.1001697792869,114.328437624377,144.945417791595,-37.8202210667897
"697","6",78.6062992125984,114.02301759162,144.945419041277,-37.8202322795144
"697","7",99.6117216117216,127.710450061897,144.945411897309,-37.8201987676621
"826","1",93.453488372093,114.408829048106,144.94540604183,-37.8210683374649
"826","2",54.3266331658291,82.4696996344663,144.945391373027,-37.8210589180994
"826","3",71.0818181818182,103.075105110219,144.945391153983,-37.8210670059179
"826","4",81.8461538461538,112.273471723977,144.945391832098,-37.8210717195106
"826","5",57.85,94.840429895995,144.945379068106,-37.8210703464278
"826","6",57.559880239521,91.8803292445544,144.945382653896,-37.8210675182109
"826","7",73.9809885931559,103.657703449937,144.945387735121,-37.8210682198623
"701","1",102.933333333333,148.301558929609,144.950480362973,-37.8216174978979
"701","2",65.6428571428571,69.0819236074979,144.950480362973,-37.8216174978979
"701","3",108.461538461538,139.175638893947,144.950480362973,-37.8216174978979
"701","4",55.4347826086956,93.4160709880296,144.950480362973,-37.8216174978979
"701","5",54.3777777777778,80.7685494846762,144.950480362973,-37.8216174978979
"701","6",71.4634146341463,90.1895497164099,144.950480362973,-37.8216174978979
"701","7",70.0222222222222,115.59578650879,144.950480362973,-37.8216174978979
"957","1",47.3627450980392,71.7522951943501,144.960849575584,-37.8189006863344
"957","2",47.1935483870968,58.2456186235659,144.960827805302,-37.8189854359866
"957","3",54.7432432432432,79.1754378202967,144.960857789961,-37.8188766864831
"957","4",56.970802919708,88.7546139319164,144.96086316792,-37.8188650813032
"957","5",41.51269035533,70.6969393686347,144.96087112022,-37.818845474111
"957","6",45.7074468085106,67.595007788581,144.960873018388,-37.8188375416322
"957","7",45.7860696517413,73.0985567913288,144.960864986489,-37.8188588023893
"200","1",60.7428571428571,92.057745852419,144.957298930055,-37.8166112508039
"200","2",47.9904761904762,75.6529900825137,144.957292825578,-37.8165977798725
"200","3",62.3111111111111,87.7025558832678,144.957298617404,-37.816610560916
"200","4",45.3390804597701,76.8333153539694,144.95729868854,-37.816610717885
"200","5",47.0994152046784,87.0258687011248,144.957300070752,-37.8166137681408
"200","6",40.8883495145631,63.9336711180303,144.957297390552,-37.8166078535678
"200","7",56.5379746835443,81.1015433402947,144.957291411432,-37.8165946592626
"116","1",46.8163265306122,63.8541099660968,144.962778088371,-37.8181304324189
"116","2",47.2315789473684,72.0759724226589,144.962778401934,-37.8181311353466
"116","3",39.5202312138728,74.4457496869892,144.962779920738,-37.8181344946274
"116","4",44.2962962962963,63.9900893810316,144.962773348709,-37.818119955321
"116","5",42.859375,80.9505441135357,144.962778895536,-37.8181322200485
"116","6",34.8793969849246,61.4349909149944,144.962781226006,-37.8181373858797
"116","7",33.0233644859813,55.4732470807211,144.962779840817,-37.8181343356943
"911","1",162,NA,144.965864465079,-37.8145940425068
"911","2",210,NA,144.965864465079,-37.8145940425068
"911","3",6,NA,144.965864465079,-37.8145940425068
"911","4",19.875,37.1263394285658,144.965864465079,-37.8145940425068
"911","5",18.640625,34.1050511491903,144.965864465079,-37.8145940425068
"911","6",31.4615384615385,38.6678474853437,144.965864465079,-37.8145940425068
"911","7",33.2916666666667,63.1499257368318,144.965864465079,-37.8145940425068
"670","1",23.8248175182482,46.3798095350037,144.963707848097,-37.8186454495425
"670","2",26.6090909090909,49.5067589592796,144.96370867222,-37.8186452109373
"670","3",28.2688172043011,54.0446541667059,144.96371799022,-37.8186425131326
"670","4",24.3153153153153,53.2606468836158,144.963713878616,-37.8186437035494
"670","5",22.7615062761506,42.6070281543053,144.963713230688,-37.8186438911416
"670","6",26.8051948051948,49.3491656141187,144.96371166528,-37.8186443443681
"670","7",24.3070539419087,50.8354075263286,144.963717723156,-37.8186425904546
"1433","1",58.2424242424242,87.873684645791,144.95741918263,-37.8111176163443
"1433","2",57.3455284552846,96.6798974542299,144.957423557928,-37.8111302209771
"1433","3",65.7913279132791,114.931275923745,144.957434176302,-37.8111234916662
"1433","4",54.7987421383648,84.4398333761936,144.957427310968,-37.8111185461323
"1433","5",55.9873417721519,91.5229603472274,144.957417858039,-37.8111259398772
"1433","6",45.9515570934256,73.682214315329,144.957420589193,-37.8111229193168
"1433","7",57.2938596491228,99.2783037152975,144.957412985805,-37.811127403639
"941","1",56.7155963302752,85.8900907084212,144.966269794244,-37.8076883516613
"941","2",80.6993464052288,118.731900834973,144.966284404965,-37.8076911532874
"941","3",77.9071207430341,145.729192538191,144.966272684824,-37.8076871059925
"941","4",69.421568627451,130.362704835231,144.966284375114,-37.8076832506971
"941","5",57.0294117647059,98.8847099657444,144.966277170338,-37.8076886309955
"941","6",56.0272952853598,94.5209800574694,144.966287474828,-37.8076852360718
"941","7",84.9188034188034,150.362387105528,144.966255045888,-37.8076957731586
"1346","1",44.0253807106599,75.0617683929853,144.958563704454,-37.8074621505608
"1346","2",71.4550128534704,108.209353011595,144.958770882846,-37.8074018997105
"1346","3",42.6574889867841,79.5858801882007,144.95871378736,-37.807418496743
"1346","4",37.6371191135734,70.1821263392389,144.958678584541,-37.807428731883
"1346","5",37.5567470956211,70.9740318012491,144.958658203548,-37.8074346624492
"1346","6",42.75,97.3478679230447,144.95872160426,-37.8074162232035
"1346","7",45.0651465798046,86.8771502155249,144.958713731009,-37.8074185245931
"1101","1",53.6375838926174,102.539261746554,144.956343332238,-37.8048143837753
"1101","2",97.7619047619048,160.669504311196,144.956484515024,-37.80402141435
"1101","3",107.969465648855,146.436331081059,144.956392699737,-37.8045373473853
"1101","4",89.3480662983425,150.857384303911,144.956442510185,-37.8042571533234
"1101","5",73.7692307692308,127.075520987278,144.956396958591,-37.804513016475
"1101","6",79.0666666666667,129.498832764625,144.956458854248,-37.8041652188682
"1101","7",110.006134969325,174.738517061482,144.956423067688,-37.8043663318792
"1157","1",105.535714285714,153.860995447858,144.956852453602,-37.8049693735025
"1157","2",222.508771929825,198.572415974538,144.956867743212,-37.8049713408764
"1157","3",174.281818181818,207.587988720167,144.956839287949,-37.8049674610047
"1157","4",96.5197740112994,159.985300830316,144.956852700302,-37.8049703798683
"1157","5",117.417721518987,169.211216715357,144.956826048704,-37.8049668504213
"1157","6",168.811023622047,193.992502403125,144.956821456116,-37.8049664095047
"1157","7",138.403973509934,184.66160686719,144.956891591689,-37.8049741319395
"612","1",141.078431372549,161.179755941899,144.943156865614,-37.8041718903795
"612","2",115.985074626866,159.145016062377,144.943157665182,-37.8041674609175
"612","3",138.032967032967,192.456889865379,144.943159908419,-37.8041547771597
"612","4",115.342857142857,192.945380302872,144.943157015541,-37.8041712521395
"612","5",93.0875912408759,151.714877438131,144.943160015282,-37.804154362671
"612","6",116.974576271186,192.194944741028,144.943157766636,-37.8041667552463
"612","7",149.670588235294,217.644499795691,144.943158820184,-37.8041608896167
"562","1",94.0176991150443,123.307671730397,144.94807463331,-37.8033828070825
"562","2",96.7244094488189,122.293024448254,144.948030650874,-37.8034057124326
"562","3",101.985645933014,163.615915054661,144.94804565808,-37.8033886709105
"562","4",94.4458438287154,147.741619304969,144.948060938199,-37.8033656959704
"562","5",79.448343079922,108.136369354311,144.948056036263,-37.8033564688269
"562","6",76.6649659863946,114.041229568064,144.948051537282,-37.8033705958262
"562","7",90.5732217573222,146.269394329371,144.948051655177,-37.8033605176468
"917","1",399.111111111111,288.926220878464,144.944003777197,-37.8031660174047
"917","2",205.6,154.421158257692,144.944003475833,-37.8031677311536
"917","3",296.428571428571,301.193666932092,144.943999920314,-37.8031878699528
"917","4",347.294117647059,452.208890415049,144.944003468918,-37.8031677191335
"917","5",189.339285714286,168.023404948208,144.944007279064,-37.8031462482268
"917","6",237.583333333333,177.097981455072,144.943995108805,-37.8032151878058
"917","7",310.829268292683,384.193890011217,144.944003067608,-37.8031700323275
"520","1",66.6465638148668,117.564785714098,144.957381279115,-37.8047723922347
"520","2",103.353319057816,139.774317656354,144.957383161738,-37.8047712188088
"520","3",113.648936170213,178.002533379947,144.957381789334,-37.8047685508734
"520","4",84.279,148.724282049271,144.957368655674,-37.8048351855693
"520","5",70.1804281345566,120.099427754773,144.957382137916,-37.8047782870615
"520","6",83.1524064171123,132.405895212329,144.957382334737,-37.8047628611075
"520","7",86.0568285976169,144.456629714476,144.957362936121,-37.8048347538181
"1054","1",60.1555555555556,106.154864037076,144.97290210242,-37.8100561904662
"1054","2",81.792349726776,115.848710296729,144.972907079496,-37.8100297535298
"1054","3",92.6017191977077,162.852443957047,144.972877851727,-37.8100324218383
"1054","4",24.3952730236349,71.7459111645279,144.972923490204,-37.8101047230537
"1054","5",73.4269005847953,103.921378929345,144.972863742119,-37.8100208174119
"1054","6",72.4377880184332,95.2989305189069,144.972855916829,-37.8100147055141
"1054","7",23.3787128712871,72.8692886379031,144.972948454151,-37.8101032091803
"706","1",92.5490196078431,132.36243808377,144.975447174942,-37.8103023344767
"706","2",77.2641509433962,106.100946250817,144.975533568602,-37.8102415134842
"706","3",116.448979591837,183.892255101004,144.975521804054,-37.8102284477997
"706","4",108.336283185841,149.683851166055,144.975518091195,-37.8102325611803
"706","5",68.6134453781513,98.426991357568,144.97552620944,-37.810239437963
"706","6",81.4055727554179,106.998314695746,144.975516901142,-37.8102371204917
"706","7",98.5147679324894,156.843995664161,144.975483508155,-37.8102724858331
"1090","1",73.3354037267081,105.233665246642,144.975507658603,-37.8112333883823
"1090","2",67.6815286624204,97.8558619640394,144.975510238784,-37.8112285984712
"1090","3",84.2487562189055,117.537346451863,144.975517428789,-37.8112108827664
"1090","4",71.1584905660377,95.7809081255202,144.975509507032,-37.8112291825788
"1090","5",71.7423076923077,98.1381056391338,144.975515629142,-37.8112106305245
"1090","6",68.4847457627119,92.178503281389,144.97551031856,-37.8112228999715
"1090","7",71.758865248227,99.1837792895219,144.97551457303,-37.8112127462844
"511","1",107.147018030513,128.888972548344,144.983091763297,-37.8125532912389
"511","2",78.1991150442478,114.440234075677,144.983109552891,-37.8124309944967
"511","3",75.2955927051672,125.916038216665,144.983188739657,-37.8120492850109
"511","4",131.958960328317,183.758443171262,144.983174736794,-37.8122373229035
"511","5",72.6785195936139,118.526883302862,144.983211311551,-37.8119721956493
"511","6",68.2789079229122,115.807464675859,144.983118889632,-37.8125096221166
"511","7",132.472807991121,191.835955915452,144.983098172199,-37.8126885537142
"178","1",91.605749486653,119.563853352942,144.976597892222,-37.8108224428799
"178","2",76.213058419244,106.447595089981,144.976655766849,-37.8108274393684
"178","3",81.2119113573407,113.481047300773,144.976649327949,-37.8108401030155
"178","4",66.2487352445194,98.9668385116011,144.976617572054,-37.8108227088212
"178","5",71.3043859649123,101.279511261117,144.976638039855,-37.810830313685
"178","6",72.5040577096483,102.162596176523,144.976647851118,-37.8108181358868
"178","7",68.7761824324324,105.966587854978,144.976630873731,-37.8108220870081
"1290","1",100.698924731183,135.43579119142,144.976334451034,-37.8119820408398
"1290","2",55.582226762002,89.5512336406942,144.976384907616,-37.8119943800494
"1290","3",67.2042936288089,104.739900709705,144.976393283765,-37.8119947616507
"1290","4",66.0624561403509,105.629272207343,144.976276445965,-37.811980426249
"1290","5",47.8032372281234,78.9975863775765,144.976382156471,-37.8119978474145
"1290","6",52.82343412527,85.7846400240235,144.976388495346,-37.8119946833763
"1290","7",70.12852897474,103.71862409784,144.976271146362,-37.811978019562
"1413","1",140.703333333333,154.264883137588,144.978151480058,-37.8155170203474
"1413","2",118.304,142.868749310028,144.97833441894,-37.8155352873888
"1413","3",121.325958702065,161.773484265541,144.978239263485,-37.8155203445792
"1413","4",119.720159151194,174.731818618391,144.979196329611,-37.8156653549992
"1413","5",83.85473289597,126.666047179449,144.978778052309,-37.8156247098567
"1413","6",92.1531791907514,140.529308825136,144.978871544187,-37.8156437564275
"1413","7",121.239842726081,179.639647711457,144.978988890429,-37.8156449383072
"1278","1",22.3870967741935,43.8785039565605,144.963233179469,-37.8220380755056
"1278","2",8.46666666666667,37.8983350410369,144.963237642389,-37.8220423828687
"1278","3",9.58987341772152,32.4433735302688,144.963221180426,-37.8220264946962
"1278","4",9.11598746081505,34.333789941615,144.963162829009,-37.8219701771491
"1278","5",6.1045104510451,22.9526200242377,144.963163977195,-37.8219712853142
"1278","6",17.8227848101266,67.1302108594173,144.963233264208,-37.8220381572909
"1278","7",8.06434316353887,17.4200520785547,144.963196100136,-37.8220022885928
"1323","1",46.5113122171946,86.6049812322473,144.966746730747,-37.8253904181156
"1323","2",51.1789215686275,93.1080049541881,144.966803147223,-37.8253631618372
"1323","3",52.8047263681592,111.83509665746,144.966865301788,-37.8251974418869
"1323","4",80.8012170385395,141.133251047942,144.966838435515,-37.8252106055488
"1323","5",45.8716931216931,85.7406574311872,144.966784272331,-37.8253464099683
"1323","6",42.7769145394007,75.4045545325157,144.966774843075,-37.825349963203
"1323","7",77.9845132743363,150.766724051222,144.966800389827,-37.8253474728325
"1294","1",104.1,136.293192258657,144.971079940971,-37.8285673413557
"1294","2",65.3761467889908,111.012273443091,144.971074115704,-37.8286514406833
"1294","3",78.440625,136.761570985834,144.97107418583,-37.8286642045494
"1294","4",85.6620689655172,151.56031273599,144.971074165233,-37.8286702486107
"1294","5",61.7792421746293,109.660911641291,144.971073473572,-37.8286557805559
"1294","6",71.8007915567282,116.478451862917,144.971071919382,-37.8287026111948
"1294","7",105,156.035252427136,144.971078321039,-37.8285936472697
"1416","1",104.63125,158.686179044715,144.969157349318,-37.8298979383353
"1416","2",54.8076923076923,98.5897969934852,144.969187442309,-37.8299112246532
"1416","3",62.2768670309654,123.195366744236,144.969172868647,-37.8299015585152
"1416","4",76.4329896907217,157.403407546716,144.969163313353,-37.8299107815265
"1416","5",51.2690839694656,95.8626632674031,144.969171638468,-37.8298979826818
"1416","6",52.9795275590551,90.6501989559558,144.969176964525,-37.8299125601052
"1416","7",64.1905660377358,128.863549064744,144.969168084296,-37.8299068957779
"202","1",40.8673684210526,90.3828313974209,144.961535071531,-37.8245913944437
"202","2",37.2515212981744,67.7625398852887,144.961497467712,-37.8246233812453
"202","3",42.4387633769322,88.4666139361403,144.961614398282,-37.8245239361086
"202","4",38.9601366742597,82.7192060660932,144.961517962687,-37.824605915157
"202","5",36.5714285714286,74.0382946955538,144.961475426049,-37.8246420971553
"202","6",31.2193708609272,62.6832813330312,144.961460783544,-37.8246545561076
"202","7",42.7441860465116,94.9068273812071,144.961448053586,-37.8246653642947
"1007","1",208.474025974026,231.661297668127,144.966083827087,-37.828365332948
"1007","2",116.025477707006,157.705551209711,144.965930679479,-37.8283492740063
"1007","3",130.107991360691,208.824169499531,144.965953000162,-37.8283501121729
"1007","4",137.380239520958,226.908090226313,144.965915997195,-37.8283406333676
"1007","5",102.471458773784,145.77445040644,144.965890155471,-37.8283444557679
"1007","6",95.3225806451613,139.604758749053,144.965943539796,-37.8283527568036
"1007","7",140.534782608696,216.541071911477,144.966050735376,-37.82836834158
"828","1",26.9065420560748,64.9148255750507,144.966754061289,-37.8228099932719
"828","2",36.2549019607843,65.630898673423,144.966759140364,-37.8228076243658
"828","3",46.5913043478261,92.8931564767479,144.96676415499,-37.822805285519
"828","4",37.4871794871795,56.4887630682453,144.966762564024,-37.8228060275535
"828","5",42.0657894736842,61.4364355576973,144.966749109065,-37.822812303014
"828","6",47.3235294117647,86.6563708118607,144.966762121733,-37.8228062338402
"828","7",109.019230769231,281.126758820442,144.96675880455,-37.822807780991
"547","1",151.678958785249,197.552538338871,144.968282734178,-37.8295407040342
"547","2",87.1009988901221,120.616461973485,144.968515302441,-37.8294715531237
"547","3",102.657051282051,150.992937103997,144.968222432077,-37.8295637678893
"547","4",130.218710493047,193.160152490709,144.968097490206,-37.8295988647242
"547","5",83.956487956488,123.035314517618,144.968112546316,-37.8295958833054
"547","6",91.887065003283,131.452515559918,144.968248844371,-37.8295578614572
"547","7",121.439716312057,189.501211316408,144.967670567167,-37.8297306510867
"597","1",81.1497584541063,149.533614860697,144.96871987549,-37.8305820593344
"597","2",41.2110609480813,89.3778466441071,144.968078531665,-37.8307708463692
"597","3",61.2897884084637,137.895874843819,144.968286013869,-37.8307098324714
"597","4",62.7615803814714,123.257443491027,144.96833094294,-37.8306974327878
"597","5",40.6290087463557,82.6863263609481,144.967770221056,-37.8308610260834
"597","6",45.5064059339177,91.3348479284649,144.967844039387,-37.8308393205103
"597","7",66.6860986547085,128.290731954031,144.968016034586,-37.8307886089968
"78","1",93.6078431372549,126.961827836378,144.952106676674,-37.8106015361221
"78","2",82.178947368421,107.731930580543,144.951984176979,-37.8106389927806
"78","3",82.0385756676558,139.444118549207,144.951999417526,-37.8106369939089
"78","4",103.84126984127,154.805000727282,144.952110473678,-37.8105969644563
"78","5",80.2890855457227,109.18920755369,144.952054693632,-37.8106161486858
"78","6",81.3342696629213,112.5274204068,144.952080239317,-37.8106063592659
"78","7",107.701886792453,196.998821803282,144.952125022993,-37.8105878111563
"818","1",58.341384863124,120.538506940722,144.952122878007,-37.8117661676408
"818","2",54.4078061911171,113.410184102305,144.951963668407,-37.8118026701497
"818","3",66.8520930232558,141.157417979514,144.951925086242,-37.8118182591
"818","4",48.5017229496899,117.963783880368,144.952018301672,-37.8117924958221
"818","5",54.1074380165289,124.63730730887,144.95202025164,-37.8117932262142
"818","6",52.5096818810512,119.815328964975,144.952072742048,-37.8117774329758
"818","7",53.9291174426685,129.573840837844,144.952037263099,-37.8117721530965
"591","1",189.979166666667,187.151717903375,144.96780584848,-37.8262678383815
"591","2",108.896551724138,131.2542388669,144.967705227302,-37.8266230630283
"591","3",134.304635761589,219.863290656641,144.967801765848,-37.8263355890589
"591","4",135.564516129032,247.238029660523,144.967685770752,-37.8266642548441
"591","5",98.46,141.844589784055,144.967831524721,-37.8261831626746
"591","6",104.970873786408,152.246459772893,144.967612327025,-37.8270392817114
"591","7",182.26714801444,238.628404281385,144.968040426712,-37.8256921120879
